time,type,percent,rep
15,naked,10,1
30,naked,3,1
60,naked,2,1
120,naked,1,1
240,naked,1,1
15,WT,40,1
30,WT,3,1
60,WT,3,1
120,WT,2,1
240,WT,1,1
15,G17D,80,1
30,G17D,40,1
60,G17D,40,1
120,G17D,18,1
240,G17D,15,1
15,E19K,45,1
30,E19K,30,1
60,E19K,25,1
120,E19K,19,1
240,E19K,10,1
15,G52K,30,1
30,G52K,8,1
60,G52K,6,1
120,G52K,3,1
240,G52K,1,1
15,E19K/G52K,50,1
30,E19K/G52K,80,1
60,E19K/G52K,80,1
120,E19K/G52K,75,1
240,E19K/G52K,70,1
15,R20S,20,1
30,R20S,4,1
60,R20S,3,1
120,R20S,2,1
240,R20S,1,1
15,T55L,60,1
30,T55L,3,1
60,T55L,3,1
120,T55L,2,1
240,T55L,1,1
15,E3A,50,1
30,E3A,5,1
60,E3A,4,1
120,E3A,3,1
240,E3A,2,1
15,R11A,40,1
30,R11A,6,1
60,R11A,5,1
120,R11A,3,1
240,R11A,2,1
15,E34A,80,1
30,E34A,10,1
60,E34A,9,1
120,E34A,6,1
240,E34A,5,1
15,naked,20,2
30,naked,3,2
60,naked,2,2
120,naked,1,2
240,naked,1,2
15,WT,70,2
30,WT,10,2
60,WT,6,2
120,WT,2,2
240,WT,1,2
15,G17D,80,2
30,G17D,70,2
60,G17D,40,2
120,G17D,18,2
240,G17D,15,2
15,E19K,80,2
30,E19K,60,2
60,E19K,50,2
120,E19K,19,2
240,E19K,10,2
15,G52K,60,2
30,G52K,15,2
60,G52K,6,2
120,G52K,3,2
240,G52K,1,2
15,E19K/G52K,80,2
30,E19K/G52K,80,2
60,E19K/G52K,80,2
120,E19K/G52K,75,2
240,E19K/G52K,70,2
15,R20S,10,2
30,R20S,4,2
60,R20S,3,2
120,R20S,2,2
240,R20S,1,2
15,T55L,40,2
30,T55L,20,2
60,T55L,3,2
120,T55L,2,2
240,T55L,1,2
15,E3A,50,2
30,E3A,5,2
60,E3A,4,2
120,E3A,3,2
240,E3A,3,2
15,R11A,40,2
30,R11A,6,2
60,R11A,3,2
120,R11A,2,2
240,R11A,1,2
15,E34A,80,2
30,E34A,20,2
60,E34A,9,2
120,E34A,2,2
240,E34A,2,2
15,naked,25,
30,naked,3,
60,naked,2,
120,naked,1,
240,naked,1,
15,WT,60,
30,WT,10,
60,WT,6,
120,WT,2,
240,WT,1,
15,G17D,70,
30,G17D,60,
60,G17D,30,
120,G17D,15,
240,G17D,10,
15,E19K,60,
30,E19K,40,
60,E19K,20,
120,E19K,10,
240,E19K,5,
15,G52K,60,
30,G52K,12,
60,G52K,6,
120,G52K,3,
240,G52K,1,
15,E19K/G52K,50,
30,E19K/G52K,80,
60,E19K/G52K,80,
120,E19K/G52K,75,
240,E19K/G52K,70,
15,R20S,10,
30,R20S,4,
60,R20S,3,
120,R20S,2,
240,R20S,1,
15,T55L,50,
30,T55L,10,
60,T55L,3,
120,T55L,2,
240,T55L,1,
15,E3A,30,
30,E3A,10,
60,E3A,4,
120,E3A,3,
240,E3A,3,
15,R11A,50,
30,R11A,6,
60,R11A,3,
120,R11A,2,
240,R11A,1,
15,E34A,70,
30,E34A,30,
60,E34A,9,
120,E34A,2,
240,E34A,2,